motif_id	motif_alt_id	sequence_name	start	stop	strand	score	p-value	q-value	matched_sequence
MA1125.1	ZNF384	chr8:127970000-127971000	32	43	+	15.2128	5.18e-07	0.00031	TCTAAAAAAAAA
MA1125.1	ZNF384	chr8:127970000-127971000	34	45	+	14.8723	1.4e-06	0.00031	TAAAAAAAAAAA
MA0650.1	HOXA13	chr8:127970000-127971000	745	754	+	15.0556	1.64e-06	0.00226	CCAATAAAAA
MA0901.2	HOXB13	chr8:127970000-127971000	743	756	+	15.6349	2.24e-06	0.00268	ACCCAATAAAAATG
MA0141.3	ESRRB	chr8:127970000-127971000	503	513	-	16.6897	2.46e-06	0.00471	CCAAGGTCATA
MA1125.1	ZNF384	chr8:127970000-127971000	35	46	+	14.7234	2.5e-06	0.00031	AAAAAAAAAAAA
MA1125.1	ZNF384	chr8:127970000-127971000	36	47	+	14.7234	2.5e-06	0.00031	AAAAAAAAAAAA
MA1125.1	ZNF384	chr8:127970000-127971000	37	48	+	14.7234	2.5e-06	0.00031	AAAAAAAAAAAA
MA1125.1	ZNF384	chr8:127970000-127971000	38	49	+	14.7234	2.5e-06	0.00031	AAAAAAAAAAAA
MA1125.1	ZNF384	chr8:127970000-127971000	39	50	+	14.7234	2.5e-06	0.00031	AAAAAAAAAAAA
MA1125.1	ZNF384	chr8:127970000-127971000	40	51	+	14.7234	2.5e-06	0.00031	AAAAAAAAAAAA
MA1125.1	ZNF384	chr8:127970000-127971000	41	52	+	14.7234	2.5e-06	0.00031	AAAAAAAAAAAA
MA1125.1	ZNF384	chr8:127970000-127971000	42	53	+	14.7234	2.5e-06	0.00031	AAAAAAAAAAAA
MA0592.1	ESRRA	chr8:127970000-127971000	503	513	-	16.1714	2.65e-06	0.00525	CCAAGGTCATA
MA0909.1	HOXD13	chr8:127970000-127971000	745	754	+	14.873	2.99e-06	0.00399	CCAATAAAAA
MA0901.1	HOXB13	chr8:127970000-127971000	745	754	+	15.5091	2.99e-06	0.00402	CCAATAAAAA
MA0592.3	ESRRA	chr8:127970000-127971000	503	515	-	15.8293	3.24e-06	0.0064	ACCCAAGGTCATA
MA0650.2	HOXA13	chr8:127970000-127971000	744	754	+	15.8065	3.56e-06	0.00638	CCCAATAAAAA
MA1540.1	NR5A1	chr8:127970000-127971000	504	514	-	14.1455	4.13e-06	0.00818	CCCAAGGTCAT
MA1125.1	ZNF384	chr8:127970000-127971000	315	326	+	14.3191	4.52e-06	0.000511	TGAAAAAAAAAA
MA1151.1	RORC	chr8:127970000-127971000	157	168	+	13.8455	5.78e-06	0.0101	ATAAATGGGTCA
MA0901.2	HOXB13	chr8:127970000-127971000	669	682	-	14.373	6.41e-06	0.00383	TGTCAATAAAATAT
MA1125.1	ZNF384	chr8:127970000-127971000	314	325	+	14.1277	6.54e-06	0.000645	TTGAAAAAAAAA
MA0909.2	HOXD13	chr8:127970000-127971000	744	754	+	15.0714	6.6e-06	0.0122	CCCAATAAAAA
MA0102.3	CEBPA	chr8:127970000-127971000	661	671	+	14.4898	6.85e-06	0.012	ATTGCAAAATA
MA1125.1	ZNF384	chr8:127970000-127971000	313	324	+	14.1064	6.97e-06	0.000645	TTTGAAAAAAAA
MA0072.1	RORA(var.2)	chr8:127970000-127971000	156	169	+	14.8539	6.99e-06	0.0113	AATAAATGGGTCAA
MA1125.1	ZNF384	chr8:127970000-127971000	33	44	+	14.0851	7.27e-06	0.000645	CTAAAAAAAAAA
MA1645.1	NKX2-2	chr8:127970000-127971000	72	85	-	14.3496	8.57e-06	0.0169	TAGCCACTCAATCT
MA1125.1	ZNF384	chr8:127970000-127971000	232	243	+	13.9574	8.62e-06	0.000682	AATGAAAAAAAA
MA1125.1	ZNF384	chr8:127970000-127971000	650	661	+	13.8723	9.33e-06	0.000682	ACTGAAAAAAAA
MA1125.1	ZNF384	chr8:127970000-127971000	588	599	-	13.8723	9.33e-06	0.000682	TTTTAAAAAAAA
MA1508.1	IKZF1	chr8:127970000-127971000	971	982	+	13.8293	9.49e-06	0.0183	GAAACAGGAATG
MA1111.1	NR2F2	chr8:127970000-127971000	503	513	-	13.7724	1.12e-05	0.0201	CCAAGGTCATA
MA0032.2	FOXC1	chr8:127970000-127971000	392	402	-	13.52	1.18e-05	0.0173	TATATAAATAT
MA0845.1	FOXB1	chr8:127970000-127971000	392	402	-	13.6154	1.18e-05	0.015	TATATAAATAT
MA0102.4	CEBPA	chr8:127970000-127971000	659	672	+	13.561	1.22e-05	0.0193	AAATTGCAAAATAT
MA1113.2	PBX2	chr8:127970000-127971000	569	581	-	13.126	1.27e-05	0.0163	TCAATAAATCACA
MA0063.2	NKX2-5	chr8:127970000-127971000	73	83	-	13.3468	1.36e-05	0.024	GCCACTCAATC
MA1546.1	PAX3(var.2)	chr8:127970000-127971000	980	995	+	13.0806	1.43e-05	0.0281	ATGTCACGGTTATTGT
MA0148.2	FOXA1	chr8:127970000-127971000	844	854	-	13.55	1.51e-05	0.0251	TGTTTGCACAT
MA0148.1	FOXA1	chr8:127970000-127971000	844	854	-	13.54	1.51e-05	0.0246	TGTTTGCACAT
MA1125.1	ZNF384	chr8:127970000-127971000	587	598	-	13.2766	1.75e-05	0.00121	TTTAAAAAAAAT
MA0497.1	MEF2C	chr8:127970000-127971000	725	739	+	13.0678	1.85e-05	0.0255	ATAACAAAAATAAAA
MA0481.1	FOXP1	chr8:127970000-127971000	261	275	+	13.1831	1.89e-05	0.0164	GAGAAATAAACAAAT
MA1124.1	ZNF24	chr8:127970000-127971000	382	394	-	11.8909	1.97e-05	0.0172	TATTCATTTATTT
MA1108.2	MXI1	chr8:127970000-127971000	127	136	+	12.6122	1.99e-05	0.0394	GCCACATGTG
MA1124.1	ZNF24	chr8:127970000-127971000	625	637	-	11.8091	2.07e-05	0.0172	CATTCATTTACTT
MA1150.1	RORB	chr8:127970000-127971000	159	169	+	12.507	2.19e-05	0.0375	AAATGGGTCAA
MA1640.1	MEIS2(var.2)	chr8:127970000-127971000	568	582	+	12.6111	2.2e-05	0.0288	TTGTGATTTATTGAA
MA0090.1	TEAD1	chr8:127970000-127971000	973	984	-	12.6697	2.23e-05	0.0418	GACATTCCTGTT
MA0465.1	CDX2	chr8:127970000-127971000	500	510	-	13.2381	2.37e-05	0.0376	AGGTCATAAAG
MA1113.1	PBX2	chr8:127970000-127971000	673	684	+	12.5285	2.44e-05	0.048	TTTATTGACAGT
MA0664.1	MLXIPL	chr8:127970000-127971000	810	819	-	13.1061	2.53e-05	0.0309	TTCACGTGCT
MA0593.1	FOXP2	chr8:127970000-127971000	264	274	+	13.4394	2.64e-05	0.0415	AAATAAACAAA
MA0463.2	BCL6	chr8:127970000-127971000	474	489	-	11.3553	2.87e-05	0.0513	ATTCTTTCTAGTAAAA
MA0809.2	TEAD4	chr8:127970000-127971000	974	985	-	12.2569	2.93e-05	0.026	TGACATTCCTGT
MA0014.2	PAX5	chr8:127970000-127971000	9	27	+	11.9839	2.94e-05	0.0577	CTAGGCAACACAGCGAGAC
MA0809.2	TEAD4	chr8:127970000-127971000	945	956	-	12.2385	2.96e-05	0.026	AAGCATTCCAGT
MA0663.1	MLX	chr8:127970000-127971000	810	819	+	12.0571	3.09e-05	0.0474	AGCACGTGAA
MA0664.1	MLXIPL	chr8:127970000-127971000	810	819	+	12.9091	3.12e-05	0.0309	AGCACGTGAA
MA1125.1	ZNF384	chr8:127970000-127971000	43	54	+	12.7021	3.12e-05	0.00204	AAAAAAAAAAAT
MA0042.1	FOXI1	chr8:127970000-127971000	264	275	-	12.7935	3.17e-05	0.0447	ATTTGTTTATTT
MA0090.3	TEAD1	chr8:127970000-127971000	944	956	-	12.1301	3.2e-05	0.0348	AAGCATTCCAGTT
MA0137.3	STAT1	chr8:127970000-127971000	475	485	-	12	3.2e-05	0.0593	TTTCTAGTAAA
MA0148.3	FOXA1	chr8:127970000-127971000	844	858	-	12.6735	3.22e-05	0.0528	TTTTTGTTTGCACAT
MA0808.1	TEAD3	chr8:127970000-127971000	947	954	-	12.9796	3.26e-05	0.0471	GCATTCCA
MA0836.2	CEBPD	chr8:127970000-127971000	660	672	+	12.1376	3.45e-05	0.0572	AATTGCAAAATAT
MA0481.1	FOXP1	chr8:127970000-127971000	729	743	+	12.1408	3.66e-05	0.0164	CAAAAATAAAAACAA
MA0479.1	FOXH1	chr8:127970000-127971000	270	280	+	12.5192	3.69e-05	0.0567	ACAAATCCACA
MA1121.1	TEAD2	chr8:127970000-127971000	973	985	-	12.2636	3.7e-05	0.0732	TGACATTCCTGTT
MA0683.1	POU4F2	chr8:127970000-127971000	150	165	+	8.77586	3.7e-05	0.0486	AGAAATAATAAATGGG
MA0464.2	BHLHE40	chr8:127970000-127971000	810	819	+	13.1154	3.79e-05	0.0432	AGCACGTGAA
MA1639.1	MEIS1(var.2)	chr8:127970000-127971000	569	581	-	12	3.79e-05	0.0544	TCAATAAATCACA
MA0090.3	TEAD1	chr8:127970000-127971000	973	985	-	11.8211	3.84e-05	0.0348	TGACATTCCTGTT
MA1560.1	SOHLH2	chr8:127970000-127971000	810	819	+	12.1613	4e-05	0.0486	AGCACGTGAA
MA1593.1	ZNF317	chr8:127970000-127971000	678	689	+	11.5532	4.14e-05	0.073	TGACAGTAGACT
MA1563.1	SOX18	chr8:127970000-127971000	97	104	+	10.4091	4.14e-05	0.0822	GACAATGC
MA0052.1	MEF2A	chr8:127970000-127971000	465	474	-	11.6265	4.14e-05	0.046	ATATTTATAG
MA0090.1	TEAD1	chr8:127970000-127971000	944	955	-	10.6055	4.23e-05	0.0418	AGCATTCCAGTT
MA0846.1	FOXC2	chr8:127970000-127971000	845	856	+	11.9208	4.31e-05	0.0399	TGTGCAAACAAA
MA0809.1	TEAD4	chr8:127970000-127971000	975	984	-	11.6774	4.33e-05	0.0532	GACATTCCTG
MA0464.2	BHLHE40	chr8:127970000-127971000	810	819	-	12.5962	4.36e-05	0.0432	TTCACGTGCT
MA0495.3	MAFF	chr8:127970000-127971000	901	916	-	11.4878	4.39e-05	0.0342	CCGTCAGCCTTTTTAA
MA0495.3	MAFF	chr8:127970000-127971000	866	881	+	11.4797	4.42e-05	0.0342	TAGACAGCATTTCATA
MA1541.1	NR6A1	chr8:127970000-127971000	976	992	+	10.7742	4.45e-05	0.0847	AGGAATGTCACGGTTAT
MA1525.1	NFATC4	chr8:127970000-127971000	967	976	+	12	4.52e-05	0.087	GATGGAAACA
MA1125.1	ZNF384	chr8:127970000-127971000	316	327	+	12.2553	4.64e-05	0.00288	GAAAAAAAAAAT
MA0636.1	BHLHE41	chr8:127970000-127971000	810	819	+	9.13462	4.68e-05	0.0779	AGCACGTGAA
MA0113.1	NR3C1	chr8:127970000-127971000	577	594	-	11.4144	4.7e-05	0.0784	AAAAAAATTTTGTTCAAT
MA0825.1	MNT	chr8:127970000-127971000	810	819	+	12.4697	4.73e-05	0.0937	AGCACGTGAA
MA0466.1	CEBPB	chr8:127970000-127971000	660	670	+	12	4.75e-05	0.0852	AATTGCAAAAT
MA0663.1	MLX	chr8:127970000-127971000	810	819	-	10.9714	4.79e-05	0.0474	TTCACGTGCT
MA0909.2	HOXD13	chr8:127970000-127971000	721	731	+	10.7286	4.8e-05	0.0443	ACCAATAACAA
MA0625.1	NFATC3	chr8:127970000-127971000	222	231	-	11.2727	4.86e-05	0.0803	TTTTTCCAAT
MA1549.1	POU6F1(var.2)	chr8:127970000-127971000	825	834	-	11.9273	4.86e-05	0.0872	ATAATGATGT
MA0659.2	MAFG	chr8:127970000-127971000	866	880	+	11.4128	4.88e-05	0.0775	TAGACAGCATTTCAT
MA1560.1	SOHLH2	chr8:127970000-127971000	810	819	-	11.871	4.91e-05	0.0486	TTCACGTGCT
MA1647.1	PRDM4	chr8:127970000-127971000	969	979	-	11.8629	5.02e-05	0.0951	TCCTGTTTCCA
MA0808.1	TEAD3	chr8:127970000-127971000	976	983	-	12.551	5.04e-05	0.0471	ACATTCCT
MA0059.1	MAX::MYC	chr8:127970000-127971000	809	819	+	11.1429	5.12e-05	0.101	AAGCACGTGAA
MA0846.1	FOXC2	chr8:127970000-127971000	391	402	-	11.7129	5.16e-05	0.0399	TATATAAATATT
MA1125.1	ZNF384	chr8:127970000-127971000	31	42	+	12.1277	5.28e-05	0.00313	ATCTAAAAAAAA
MA0783.1	PKNOX2	chr8:127970000-127971000	126	137	-	3.95082	5.34e-05	0.106	TCACATGTGGCA
MA0842.2	NRL	chr8:127970000-127971000	903	915	+	10.7021	5.55e-05	0.0953	AAAAAGGCTGACG
MA0052.4	MEF2A	chr8:127970000-127971000	726	740	+	11.2212	5.62e-05	0.0379	TAACAAAAATAAAAA
MA0465.2	CDX2	chr8:127970000-127971000	671	682	-	11.1984	5.63e-05	0.0843	TGTCAATAAAAT
MA0042.1	FOXI1	chr8:127970000-127971000	390	401	+	12.0326	5.64e-05	0.0447	GAATATTTATAT
MA0523.1	TCF7L2	chr8:127970000-127971000	105	118	+	11.4364	5.68e-05	0.0998	AGACTTCAAAACAA
MA0791.1	POU4F3	chr8:127970000-127971000	150	165	+	11.0157	5.78e-05	0.0525	AGAAATAATAAATGGG
MA1636.1	CEBPG(var.2)	chr8:127970000-127971000	658	672	-	11.0275	5.82e-05	0.0931	ATATTTTGCAATTTT
MA0058.1	MAX	chr8:127970000-127971000	809	818	+	12.1429	5.86e-05	0.116	AAGCACGTGA
MA0847.2	FOXD2	chr8:127970000-127971000	392	404	-	11.4821	5.95e-05	0.0729	GATATATAAATAT
MA1473.1	CDX4	chr8:127970000-127971000	499	509	-	11.52	6.06e-05	0.098	GGTCATAAAGG
MA0831.1	TFE3	chr8:127970000-127971000	810	819	+	11.2449	6.07e-05	0.12	AGCACGTGAA
MA1125.1	ZNF384	chr8:127970000-127971000	233	244	+	11.9574	6.08e-05	0.00343	ATGAAAAAAAAT
MA0052.4	MEF2A	chr8:127970000-127971000	31	45	+	11.0708	6.21e-05	0.0379	ATCTAAAAAAAAAAA
MA1474.1	CREB3L4	chr8:127970000-127971000	931	942	-	11.0727	6.42e-05	0.127	CTCCACGTCCTA
MA0878.2	CDX1	chr8:127970000-127971000	499	509	-	11.1837	6.42e-05	0.107	GGTCATAAAGG
MA0501.1	MAF::NFE2	chr8:127970000-127971000	864	878	+	8.77049	6.48e-05	0.11	ATTAGACAGCATTTC
MA0498.2	MEIS1	chr8:127970000-127971000	677	683	+	10.3111	6.51e-05	0.129	TTGACAG
MA0081.1	SPIB	chr8:127970000-127971000	490	496	+	11.2333	6.51e-05	0.101	AGAGGAA
MA0784.1	POU1F1	chr8:127970000-127971000	622	635	+	10.6207	6.52e-05	0.0787	ATTAAGTAAATGAA
MA0030.1	FOXF2	chr8:127970000-127971000	261	274	+	11.0556	6.62e-05	0.111	GAGAAATAAACAAA
MA0660.1	MEF2B	chr8:127970000-127971000	464	475	+	6.89091	6.76e-05	0.0766	ACTATAAATATT
MA0809.1	TEAD4	chr8:127970000-127971000	946	955	-	11.2903	6.8e-05	0.0532	AGCATTCCAG
MA0878.1	CDX1	chr8:127970000-127971000	745	753	+	11.1509	6.81e-05	0.0849	CCAATAAAA
MA1479.1	DMRTC2	chr8:127970000-127971000	123	134	+	11.2295	6.83e-05	0.123	TATTGCCACATG
MA0050.2	IRF1	chr8:127970000-127971000	230	250	-	8.90323	6.93e-05	0.0545	TATCAGATTTTTTTTCATTTT
MA0772.1	IRF7	chr8:127970000-127971000	227	240	+	8.6129	6.93e-05	0.118	AAAAAAATGAAAAA
MA0613.1	FOXG1	chr8:127970000-127971000	266	273	+	12.7753	7e-05	0.117	ATAAACAA
MA0481.1	FOXP1	chr8:127970000-127971000	35	49	+	10.9577	7.09e-05	0.0164	AAAAAAAAAAAAAAA
MA0481.1	FOXP1	chr8:127970000-127971000	36	50	+	10.9577	7.09e-05	0.0164	AAAAAAAAAAAAAAA
MA0481.1	FOXP1	chr8:127970000-127971000	37	51	+	10.9577	7.09e-05	0.0164	AAAAAAAAAAAAAAA
MA0481.1	FOXP1	chr8:127970000-127971000	38	52	+	10.9577	7.09e-05	0.0164	AAAAAAAAAAAAAAA
MA0481.1	FOXP1	chr8:127970000-127971000	39	53	+	10.9577	7.09e-05	0.0164	AAAAAAAAAAAAAAA
MA0497.1	MEF2C	chr8:127970000-127971000	411	425	+	10.8305	7.19e-05	0.0495	TACACAAAAATAAAC
MA0875.1	BARX1	chr8:127970000-127971000	861	868	+	10.4528	7.22e-05	0.12	ACAATTAG
MA0773.1	MEF2D	chr8:127970000-127971000	464	475	+	6.29091	7.27e-05	0.084	ACTATAAATATT
MA1464.1	ARNT2	chr8:127970000-127971000	810	819	+	11.3191	7.42e-05	0.0793	AGCACGTGAA
MA1487.1	FOXE1	chr8:127970000-127971000	842	856	+	8.04545	7.72e-05	0.139	TGATGTGCAAACAAA
MA0907.1	HOXC13	chr8:127970000-127971000	473	483	-	10.3871	7.74e-05	0.117	TCTAGTAAAAT
MA0636.1	BHLHE41	chr8:127970000-127971000	810	819	-	7.67308	7.86e-05	0.0779	TTCACGTGCT
MA0050.2	IRF1	chr8:127970000-127971000	725	745	-	8.58065	7.87e-05	0.0545	GGTTGTTTTTATTTTTGTTAT
MA0017.2	NR2F1	chr8:127970000-127971000	501	513	-	10.9592	7.92e-05	0.157	CCAAGGTCATAAA
MA0152.1	NFATC2	chr8:127970000-127971000	224	230	-	12.2022	7.93e-05	0.142	TTTTCCA
MA0481.3	FOXP1	chr8:127970000-127971000	264	274	+	10.7448	7.95e-05	0.118	AAATAAACAAA
MA1506.1	HOXD10	chr8:127970000-127971000	499	509	-	10.3818	7.97e-05	0.149	GGTCATAAAGG
MA1464.1	ARNT2	chr8:127970000-127971000	810	819	-	11.1277	8e-05	0.0793	TTCACGTGCT
MA1418.1	IRF3	chr8:127970000-127971000	227	247	+	2.7561	8.23e-05	0.146	AAAAAAATGAAAAAAAATCTG
MA1103.1	FOXK2	chr8:127970000-127971000	264	274	+	11.28	8.23e-05	0.131	AAATAAACAAA
MA0507.1	POU2F2	chr8:127970000-127971000	85	97	-	10.069	8.28e-05	0.117	CTGATATTCATAT
MA1592.1	ZNF274	chr8:127970000-127971000	281	296	+	7.70213	8.55e-05	0.163	ATCATGATTTCTCTTT
MA0259.1	ARNT::HIF1A	chr8:127970000-127971000	933	940	+	11.1184	8.56e-05	0.17	GGACGTGG
MA0140.2	GATA1::TAL1	chr8:127970000-127971000	834	851	+	10.2364	8.8e-05	0.132	TTTATCAATGATGTGCAA
MA0089.2	NFE2L1	chr8:127970000-127971000	950	965	-	7.96629	8.84e-05	0.0811	GCAATGTCTAAGCATT
MA1103.2	FOXK2	chr8:127970000-127971000	264	274	+	10.7014	8.86e-05	0.143	AAATAAACAAA
MA0625.1	NFATC3	chr8:127970000-127971000	967	976	-	10.7879	8.9e-05	0.0803	TGTTTCCATC
MA0638.1	CREB3	chr8:127970000-127971000	930	943	-	9.07143	8.91e-05	0.163	GCTCCACGTCCTAG
MA0481.1	FOXP1	chr8:127970000-127971000	230	244	+	10.507	8.92e-05	0.0172	AAAATGAAAAAAAAT
MA0052.2	MEF2A	chr8:127970000-127971000	412	426	+	10.0635	9.05e-05	0.104	ACACAAAAATAAACT
MA0791.1	POU4F3	chr8:127970000-127971000	467	482	+	10.2598	9.1e-05	0.0525	ATAAATATTTTACTAG
MA0050.1	IRF1	chr8:127970000-127971000	229	240	+	8.94	9.14e-05	0.169	AAAAATGAAAAA
MA1657.1	ZNF652	chr8:127970000-127971000	797	808	+	10.45	9.17e-05	0.151	AAAATGGTTAAT
MA0107.1	RELA	chr8:127970000-127971000	977	986	-	8.56122	9.22e-05	0.183	GTGACATTCC
MA0698.1	ZBTB18	chr8:127970000-127971000	125	137	+	8.92857	9.25e-05	0.183	TTGCCACATGTGA
MA0899.1	HOXA10	chr8:127970000-127971000	744	754	+	10.5472	9.37e-05	0.117	CCCAATAAAAA
MA0089.2	NFE2L1	chr8:127970000-127971000	861	876	+	7.80899	9.41e-05	0.0811	ACAATTAGACAGCATT
MA0847.2	FOXD2	chr8:127970000-127971000	843	855	+	10.6071	9.45e-05	0.0729	GATGTGCAAACAA
MA0058.3	MAX	chr8:127970000-127971000	810	819	+	11.6154	9.54e-05	0.189	AGCACGTGAA
MA0481.1	FOXP1	chr8:127970000-127971000	33	47	+	10.3662	9.56e-05	0.0172	CTAAAAAAAAAAAAA
MA0052.3	MEF2A	chr8:127970000-127971000	464	475	+	8	9.58e-05	0.108	ACTATAAATATT
MA0659.2	MAFG	chr8:127970000-127971000	902	916	-	10.2294	9.62e-05	0.0775	CCGTCAGCCTTTTTA
MA0124.1	NKX3-1	chr8:127970000-127971000	194	200	-	12.3232	9.66e-05	0.137	ATACTTA
MA0093.1	USF1	chr8:127970000-127971000	812	818	+	12.191	9.74e-05	0.194	CACGTGA
MA0050.2	IRF1	chr8:127970000-127971000	224	244	-	8.01613	9.77e-05	0.0545	ATTTTTTTTCATTTTTTTCCA
MA1125.1	ZNF384	chr8:127970000-127971000	651	662	+	11.3191	9.88e-05	0.00534	CTGAAAAAAAAT

# FIMO (Find Individual Motif Occurrences): Version 5.3.3 compiled on Jun 24 2021 at 18:35:38
# The format of this file is described at https://meme-suite.org/meme/doc/fimo-output-format.html.
# fimo -oc fimo_out LNCaP/JASPAR_motifs_2020_human_redundant_meme.txt dna_tmp.fasta
